date,ticker,open,high,low,close,volume,dividend,return,price chg
2006-06-30,AGG,97.55,97.62,97.4,97.44,187400,0.383,,
2006-07-31,AGG,98.5,98.61,98.4,98.4,491100,0.388,0.013834,0.009852
2006-08-31,AGG,99.49,99.72,99.46,99.55,169200,0.409,0.015843,0.011687
2006-09-30,AGG,100.22,100.35,100.08,100.16,414400,0.393,0.010075,0.006128
2006-10-31,AGG,100.06,100.43,100.02,100.43,189800,0.414,0.006829,0.002696
2006-11-30,AGG,100.94,101.13,100.86,101.07,210500,0.422,0.010575,0.006373
2006-12-31,AGG,99.73,99.73,99.61,99.7,278800,0.767,-0.005966,-0.013555
2007-01-31,AGG,99.51,99.82,99.43,99.63,386400,0.0,-0.000702,-0.000702
2007-02-28,AGG,100.92,100.96,100.62,100.86,533700,0.393,0.01629,0.012346
2007-03-31,AGG,100.42,100.43,100.07,100.26,435200,0.394,-0.002042,-0.005949
2007-04-30,AGG,100.3,100.46,100.24,100.46,298600,0.389,0.005875,0.001995
2007-05-31,AGG,99.25,99.35,99.12,99.16,506000,0.382,-0.009138,-0.01294
2007-06-30,AGG,98.31,98.46,98.18,98.36,506700,0.428,-0.003752,-0.008068
2007-07-31,AGG,98.63,99.01,98.6,98.99,529100,0.421,0.010685,0.006405
2007-08-31,AGG,99.7,100.09,99.52,99.82,201000,0.431,0.012739,0.008385
2007-09-30,AGG,99.98,100.26,99.81,100.02,336100,0.429,0.006301,0.002004
2007-10-31,AGG,100.56,100.86,100.41,100.61,767000,0.414,0.010038,0.005899
2007-11-30,AGG,101.52,102.11,101.28,101.99,1734300,0.417,0.017861,0.013716
2007-12-31,AGG,101.32,101.38,100.85,101.17,708000,0.816,-3.9e-05,-0.00804
2008-01-31,AGG,103.48,103.62,103.07,103.51,649200,0.0,0.023129,0.023129
2008-02-29,AGG,102.9,103.3,102.49,102.93,922900,0.415,-0.001594,-0.005603
2008-03-31,AGG,102.94,103.15,102.68,102.68,555900,0.383,0.001292,-0.002429
2008-04-30,AGG,101.97,102.6,101.48,102.6,813300,0.415,0.003263,-0.000779
2008-05-31,AGG,100.96,101.27,100.85,100.98,1132500,0.326,-0.012612,-0.015789
2008-06-30,AGG,100.66,100.76,100.36,100.4,639600,0.394,-0.001842,-0.005744
2008-07-31,AGG,100.37,100.65,100.11,100.41,559600,0.384,0.003924,0.0001
2008-08-31,AGG,101.26,101.26,100.42,100.75,701500,0.402,0.00739,0.003386
2008-09-30,AGG,98.25,99.29,97.03,98.59,655400,0.394,-0.017529,-0.021439
2008-10-31,AGG,95.54,96.3,95.11,95.96,732700,0.39,-0.02272,-0.026676
2008-11-30,AGG,98.93,99.26,98.1,98.45,294800,0.4,0.030117,0.025948
2008-12-31,AGG,104.24,104.33,103.54,104.2,612055,0.779,0.066318,0.058405
2009-01-31,AGG,101.65,102.33,101.63,102.13,608300,0.0,-0.019866,-0.019866
2009-02-28,AGG,100.62,100.95,100.5,100.69,463800,0.366,-0.010516,-0.0141
2009-03-31,AGG,101.0,101.47,100.73,101.47,638100,0.327,0.010994,0.007747
2009-04-30,AGG,101.33,101.64,100.96,101.64,760700,0.351,0.005135,0.001675
2009-05-31,AGG,100.8,102.15,100.8,102.03,1142100,0.329,0.007074,0.003837
2009-06-30,AGG,101.98,102.3,101.92,102.15,805500,0.308,0.004195,0.001176
2009-07-31,AGG,102.95,103.33,102.75,103.1,1058900,0.342,0.012648,0.0093
2009-08-31,AGG,103.75,104.02,103.7,104.02,809600,0.334,0.012163,0.008923
2009-09-30,AGG,104.65,104.92,104.64,104.92,818800,0.332,0.011844,0.008652
2009-10-31,AGG,104.5,104.84,104.46,104.81,515202,0.342,0.002211,-0.001048
2009-11-30,AGG,105.63,105.83,105.34,105.83,632700,0.324,0.012823,0.009732
2009-12-31,AGG,103.04,103.3,102.78,103.19,651800,0.655,-0.018756,-0.024946
2010-01-31,AGG,104.34,104.72,104.32,104.65,748600,0.0,0.014149,0.014149
2010-02-28,AGG,104.5,104.65,104.5,104.53,658600,0.327,0.001978,-0.001147
2010-03-31,AGG,104.17,104.34,104.15,104.2,808300,0.323,-6.7e-05,-0.003157
2010-04-30,AGG,104.49,104.95,104.49,104.89,920200,0.321,0.009702,0.006622
2010-05-31,AGG,105.58,105.81,105.57,105.71,658900,0.312,0.010792,0.007818
2010-06-30,AGG,107.32,107.35,107.04,107.25,1050800,0.324,0.017633,0.014568
2010-07-31,AGG,107.94,107.96,107.72,107.85,937100,0.314,0.008522,0.005594
2010-08-31,AGG,108.85,108.99,108.74,108.94,737700,0.294,0.012833,0.010107
2010-09-30,AGG,108.64,108.7,108.29,108.65,2628600,0.298,7.3e-05,-0.002662
2010-10-31,AGG,108.45,108.55,108.36,108.55,963600,0.265,0.001519,-0.00092
2010-11-30,AGG,107.74,107.74,107.33,107.37,767900,0.276,-0.008328,-0.010871
2010-12-31,AGG,105.38,105.75,105.37,105.75,551600,0.897,-0.006734,-0.015088
2011-01-31,AGG,105.85,105.94,105.59,105.66,1691500,0.0,-0.000851,-0.000851
2011-02-28,AGG,105.53,105.65,105.46,105.65,558200,0.316,0.002896,-9.5e-05
2011-03-31,AGG,105.37,105.4,105.13,105.13,1014400,0.285,-0.002224,-0.004922
2011-04-30,AGG,106.24,106.49,106.24,106.46,499153,0.313,0.015628,0.012651
2011-05-31,AGG,107.32,107.62,107.28,107.46,1047300,0.316,0.012361,0.009393
2011-06-30,AGG,106.87,106.91,106.4,106.67,1295600,0.313,-0.004439,-0.007352
2011-07-31,AGG,107.8,108.2,107.7,108.16,1400700,0.304,0.016818,0.013968
2011-08-31,AGG,109.78,109.88,109.49,109.5,2444400,0.3,0.015163,0.012389
2011-09-30,AGG,110.0,110.22,109.86,110.11,1020700,0.232,0.007689,0.005571
2011-10-31,AGG,109.83,110.03,109.73,110.03,1747000,0.219,0.001262,-0.000727
2011-11-30,AGG,109.59,109.61,109.27,109.38,1280300,0.287,-0.003299,-0.005907
2011-12-31,AGG,110.51,110.64,110.24,110.25,1098300,0.606,0.013494,0.007954
2012-01-31,AGG,110.84,111.07,110.72,111.05,3255900,0.0,0.007256,0.007256
2012-02-29,AGG,110.94,110.94,110.6,110.76,1993600,0.275,-0.000135,-0.002611
2012-03-31,AGG,110.11,110.11,109.69,109.85,1121300,0.277,-0.005715,-0.008216
2012-04-30,AGG,110.73,110.73,110.59,110.6,881900,0.243,0.00904,0.006827
2012-05-31,AGG,111.45,111.62,111.35,111.56,2984100,0.23,0.010759,0.00868
2012-06-30,AGG,111.25,111.33,111.2,111.3,2052800,0.238,-0.000197,-0.002331
2012-07-31,AGG,112.58,112.65,112.43,112.59,983600,0.223,0.013594,0.01159
2012-08-31,AGG,112.1,112.43,112.07,112.37,1203400,0.22,0.0,-0.001954
2012-09-30,AGG,112.39,112.46,112.25,112.45,2745500,0.219,0.002661,0.000712
2012-10-31,AGG,112.04,112.24,112.0,112.19,2200200,0.207,-0.000471,-0.002312
2012-11-30,AGG,112.26,112.32,112.19,112.25,908600,0.243,0.002701,0.000535
2012-12-31,AGG,111.25,111.26,111.02,111.08,905400,0.896,-0.002441,-0.010423
2013-01-31,AGG,110.3,110.39,110.26,110.39,1970000,0.0,-0.006212,-0.006212
2013-02-28,AGG,110.69,110.83,110.69,110.83,1212718,0.211,0.005897,0.003986
2013-03-31,AGG,110.68,110.78,110.65,110.73,2343300,0.209,0.000983,-0.000902
2013-04-30,AGG,111.59,111.68,111.48,111.54,1853100,0.26,0.009663,0.007315
2013-05-31,AGG,109.4,109.47,108.88,109.11,1616800,0.202,-0.019975,-0.021786
2013-06-30,AGG,106.93,107.35,106.85,107.21,2674000,0.195,-0.015626,-0.017414
2013-07-31,AGG,106.81,107.32,106.77,107.3,1361945,0.198,0.002686,0.000839
2013-08-31,AGG,106.4,106.52,106.21,106.21,1670406,0.205,-0.008248,-0.010158
2013-09-30,AGG,107.29,107.33,107.15,107.2,1439520,0.198,0.011185,0.009321
2013-10-31,AGG,108.11,108.12,107.8,107.9,1793619,0.191,0.008312,0.00653
2013-11-30,AGG,107.3,107.49,107.21,107.44,956500,0.19,-0.002502,-0.004263
2013-12-31,AGG,106.48,106.58,106.37,106.43,3280300,0.413,-0.005557,-0.009401
2014-01-31,AGG,108.0,108.07,107.91,108.07,3195200,0.0,0.015409,0.015409
2014-02-28,AGG,108.24,108.32,108.12,108.27,1589500,0.206,0.003757,0.001851
2014-03-31,AGG,107.83,107.98,107.74,107.91,1452262,0.2,-0.001478,-0.003325
2014-04-30,AGG,108.46,108.61,108.38,108.59,1313000,0.205,0.008201,0.006302
2014-05-31,AGG,109.52,109.67,109.45,109.67,5554725,0.198,0.011769,0.009946
2014-06-30,AGG,109.47,109.5,109.36,109.4,1046900,0.207,-0.000574,-0.002462
2014-07-31,AGG,108.9,109.09,108.88,108.93,1066400,0.196,-0.002505,-0.004296
2014-08-31,AGG,110.0,110.09,109.94,109.98,1473300,0.2,0.011475,0.009639
2014-09-30,AGG,109.19,109.28,109.09,109.11,2335400,0.195,-0.006137,-0.007911
2014-10-31,AGG,109.93,110.08,109.9,110.08,3145121,0.189,0.010622,0.00889
2014-11-30,AGG,110.43,110.62,110.4,110.61,2072800,0.192,0.006559,0.004815
2014-12-31,AGG,110.14,110.26,110.1,110.12,2493900,0.651,0.001456,-0.00443
2015-01-31,AGG,112.35,112.52,112.24,112.38,6252828,0.0,0.020523,0.020523
2015-02-28,AGG,111.14,111.22,110.89,111.2,3816414,0.176,-0.008934,-0.0105
2015-03-31,AGG,111.27,111.45,111.18,111.43,2958100,0.186,0.003741,0.002068
2015-04-30,AGG,110.69,110.92,110.51,110.86,3328600,0.211,-0.003222,-0.005115
2015-05-31,AGG,110.18,110.3,110.08,110.17,2780300,0.206,-0.004366,-0.006224
2015-06-30,AGG,108.72,109.0,108.61,108.78,2159500,0.206,-0.010747,-0.012617
2015-07-31,AGG,109.44,109.51,109.35,109.5,2084323,0.216,0.008605,0.006619
2015-08-31,AGG,109.28,109.37,108.9,108.92,4145627,0.213,-0.003352,-0.005297
2015-09-30,AGG,109.47,109.63,109.44,109.58,3121600,0.222,0.008098,0.006059
2015-10-31,AGG,109.19,109.46,109.15,109.45,10577000,0.205,0.000684,-0.001186
2015-11-30,AGG,108.83,108.87,108.77,108.81,2397035,0.215,-0.003883,-0.005847
2015-12-31,AGG,107.87,108.03,107.82,108.01,3406140,0.592,-0.001912,-0.007352
2016-01-31,AGG,109.41,109.48,109.25,109.35,8633000,0.0,0.012406,0.012406
2016-02-29,AGG,109.94,110.1,109.91,110.09,3694200,0.228,0.008852,0.006767
2016-03-31,AGG,110.52,110.85,110.52,110.83,7003600,0.221,0.008729,0.006722
2016-04-30,AGG,110.82,110.93,110.75,110.89,5112900,0.222,0.002544,0.000541
2016-05-31,AGG,110.41,110.76,110.36,110.7,3368858,0.205,0.000135,-0.001713
2016-06-30,AGG,112.51,112.69,112.4,112.62,4154315,0.218,0.019313,0.017344
2016-07-31,AGG,112.88,113.03,112.76,113.02,3671163,0.212,0.005434,0.003552
2016-08-31,AGG,112.64,112.71,112.51,112.57,3025000,0.207,-0.00215,-0.003982
2016-09-30,AGG,112.57,112.65,112.27,112.42,3679813,0.208,0.000515,-0.001333
2016-10-31,AGG,111.3,111.33,111.21,111.3,3260300,0.203,-0.008157,-0.009963
2016-11-30,AGG,108.23,108.43,108.13,108.24,4627504,0.21,-0.025606,-0.027493
2016-12-31,AGG,107.88,108.12,107.85,108.06,3690250,0.453,0.002522,-0.001663
2017-01-31,AGG,108.08,108.37,108.08,108.29,7552700,0.0,0.002128,0.002128
2017-02-28,AGG,108.8,108.94,108.75,108.77,3840100,0.218,0.006446,0.004433
2017-03-31,AGG,108.44,108.53,108.42,108.49,3717721,0.22,-0.000552,-0.002574
2017-04-30,AGG,108.98,109.25,108.91,109.25,5774846,0.222,0.009052,0.007005
2017-05-31,AGG,109.64,109.81,109.64,109.76,2416515,0.239,0.006856,0.004668
2017-06-30,AGG,109.62,109.63,109.46,109.51,2626939,0.23,-0.000182,-0.002278
2017-07-31,AGG,109.69,109.73,109.58,109.65,2363000,0.225,0.003333,0.001278
2017-08-31,AGG,110.31,110.46,110.31,110.45,5308381,0.23,0.009394,0.007296
2017-09-30,AGG,109.74,109.77,109.54,109.59,5770818,0.23,-0.005704,-0.007786
2017-10-31,AGG,109.52,109.55,109.44,109.47,3719900,0.227,0.000976,-0.001095
2017-11-30,AGG,109.25,109.3,109.02,109.08,4011300,0.228,-0.00148,-0.003563
2017-12-31,AGG,109.28,109.39,109.24,109.33,2813400,0.267,0.00474,0.002292
2018-01-31,AGG,108.2,108.21,107.88,108.1,8066895,0.0,-0.01125,-0.01125
2018-02-28,AGG,106.59,106.77,106.54,106.77,9614100,0.242,-0.010065,-0.012303
2018-03-31,AGG,106.95,107.26,106.95,107.25,9190690,0.235,0.006697,0.004496
2018-04-30,AGG,106.01,106.12,105.99,106.0,4692614,0.243,-0.009389,-0.011655
2018-05-31,AGG,106.52,106.67,106.39,106.46,5157400,0.24,0.006604,0.00434
2018-06-30,AGG,106.3,106.42,106.25,106.32,7117325,0.249,0.001024,-0.001315
2018-07-31,AGG,106.11,106.18,106.05,106.06,5928141,0.229,-0.000292,-0.002445
2018-08-31,AGG,106.58,106.6,106.41,106.41,3308700,0.251,0.005667,0.0033
2018-09-30,AGG,105.69,105.71,105.51,105.52,4883958,0.232,-0.006184,-0.008364
2018-10-31,AGG,104.5,104.7,104.5,104.59,14880500,0.252,-0.006425,-0.008813
2018-11-30,AGG,104.93,104.96,104.82,104.88,6126215,0.513,0.007678,0.002773
2018-12-31,AGG,106.12,106.51,106.11,106.49,9671800,0.461,0.019746,0.015351
2019-01-31,AGG,107.3,107.53,107.29,107.46,14766500,0.0,0.009109,0.009109
2019-02-28,AGG,107.26,107.29,107.03,107.07,11872108,0.268,-0.001135,-0.003629
2019-03-31,AGG,108.85,109.07,108.83,109.07,5988628,0.267,0.021173,0.018679
2019-04-30,AGG,108.56,108.68,108.51,108.59,7491505,0.262,-0.001999,-0.004401
2019-05-31,AGG,110.01,110.64,110.0,110.4,9204100,0.26,0.019063,0.016668
2019-06-30,AGG,111.36,111.47,111.32,111.35,9887800,0.26,0.01096,0.008605
2019-07-31,AGG,111.3,111.59,111.07,111.3,10034514,0.252,0.001814,-0.000449
2019-08-31,AGG,113.9,114.15,113.89,114.13,4661629,0.26,0.027763,0.025427
2019-09-30,AGG,112.93,113.27,112.92,113.17,6621995,0.263,-0.006107,-0.008411
2019-10-31,AGG,112.98,113.3,112.89,113.15,5416778,0.255,0.002077,-0.000177
2019-11-30,AGG,113.01,113.02,112.85,112.86,4059000,0.251,-0.000345,-0.002563
2019-12-31,AGG,112.54,112.54,112.37,112.37,6807603,0.437,-0.00047,-0.004342
2020-01-31,AGG,114.48,114.67,114.38,114.65,5281900,0.0,0.02029,0.02029
2020-02-29,AGG,115.88,116.34,115.76,116.22,17243000,0.243,0.015813,0.013694
2020-03-31,AGG,115.71,115.98,115.23,115.37,14018642,0.239,-0.005257,-0.007314
2020-04-30,AGG,117.38,117.49,117.07,117.1,10487500,0.249,0.017154,0.014995
2020-05-31,AGG,117.43,117.71,117.32,117.65,9228700,0.236,0.006712,0.004697
2020-06-30,AGG,118.28,118.32,117.98,118.21,7451457,0.214,0.006579,0.00476
2020-07-31,AGG,119.45,119.63,119.4,119.56,5277900,0.223,0.013307,0.01142
2020-08-31,AGG,118.14,118.51,118.14,118.37,10894506,0.207,-0.008222,-0.009953
2020-09-30,AGG,118.26,118.26,117.95,118.06,6090816,0.195,-0.000972,-0.002619
2020-10-31,AGG,117.45,117.52,117.2,117.2,10610002,0.202,-0.005573,-0.007284
2020-11-30,AGG,118.32,118.45,118.25,118.42,8688562,0.192,0.012048,0.01041
2020-12-31,AGG,118.18,118.24,118.12,118.19,4834717,0.331,0.000853,-0.001942
2021-01-31,AGG,117.16,117.4,116.56,117.31,12164830,0.0,-0.007446,-0.007446
2021-02-28,AGG,114.96,115.39,114.59,115.34,11333400,0.192,-0.015156,-0.016793
2021-03-31,AGG,113.84,113.98,113.71,113.83,6309200,0.19,-0.011444,-0.013092
2021-04-30,AGG,114.41,114.52,114.33,114.49,6469535,0.172,0.007309,0.005798
2021-05-31,AGG,114.55,114.68,114.5,114.55,6768941,0.173,0.002035,0.000524
2021-06-30,AGG,115.36,115.45,115.3,115.33,6653138,0.167,0.008267,0.006809
2021-07-31,AGG,116.36,116.49,116.35,116.46,5552109,0.156,0.011151,0.009798
2021-08-31,AGG,116.18,116.29,116.02,116.06,6763941,0.167,-0.002001,-0.003435
2021-09-30,AGG,114.77,114.86,114.69,114.83,5348804,0.167,-0.009159,-0.010598
2021-10-31,AGG,114.35,114.78,114.35,114.64,10047906,0.18,-8.7e-05,-0.001655
2021-11-30,AGG,114.87,115.11,114.5,114.77,13109000,0.18,0.002704,0.001134
2021-12-31,AGG,114.15,114.31,114.06,114.08,7989500,0.279,-0.003581,-0.006012
2022-01-31,AGG,111.64,111.89,111.6,111.8,12837442,0.0,-0.019986,-0.019986
2022-02-28,AGG,110.03,110.43,110.02,110.36,16594641,0.161,-0.01144,-0.01288
2022-03-31,AGG,107.17,107.38,107.06,107.1,13799159,0.161,-0.028081,-0.02954
2022-04-30,AGG,102.92,103.27,102.82,102.87,9924179,0.16,-0.038002,-0.039496
2022-05-31,AGG,103.53,103.64,103.29,103.47,10491722,0.181,0.007592,0.005833
2022-06-30,AGG,101.6,101.96,101.58,101.68,7521306,0.186,-0.015502,-0.0173
2022-07-31,AGG,103.94,104.4,103.83,104.07,7674760,0.186,0.025334,0.023505
2022-08-31,AGG,101.04,101.23,100.64,100.71,6116500,0.2,-0.030364,-0.032286
2022-09-30,AGG,96.86,97.09,96.19,96.34,14376300,0.204,-0.041366,-0.043392
2022-10-31,AGG,95.01,95.06,94.6,94.9,10946419,0.211,-0.012757,-0.014947
2022-11-30,AGG,97.48,98.32,97.29,98.29,8963551,0.216,0.037998,0.035722
2022-12-31,AGG,97.25,97.36,96.97,96.99,8469000,0.452,-0.008628,-0.013226
2023-01-31,AGG,100.16,100.34,99.83,100.22,12083600,0.0,0.033302,0.033302
2023-02-28,AGG,96.99,97.37,96.93,97.31,8575033,0.245,-0.026591,-0.029036
2023-03-31,AGG,99.39,99.69,99.16,99.64,8521604,0.234,0.026349,0.023944
2023-04-30,AGG,99.99,99.99,99.72,99.96,5469900,0.252,0.005741,0.003212
2023-05-31,AGG,98.22,98.72,98.21,98.57,10560022,0.249,-0.011415,-0.013906
2023-06-30,AGG,97.86,98.1,97.74,97.95,13417300,0.258,-0.003673,-0.00629
2023-07-31,AGG,97.53,97.8,97.52,97.68,11079100,0.255,-0.000153,-0.002757
2023-08-31,AGG,96.78,96.96,96.72,96.8,7230100,0.265,-0.006296,-0.009009
2023-09-30,AGG,94.5,94.57,93.97,94.04,13483638,0.26,-0.025826,-0.028512
2023-10-31,AGG,92.45,92.63,92.31,92.31,12343606,0.257,-0.015664,-0.018396
2023-11-30,AGG,96.38,96.41,96.13,96.26,8889239,0.277,0.045791,0.042791
2023-12-31,AGG,99.2,99.43,99.13,99.25,7327825,0.556,0.036838,0.031062
2024-01-31,AGG,99.0,99.26,98.81,99.1,10829125,0.0,-0.001511,-0.001511
2024-02-29,AGG,97.38,97.56,97.29,97.35,16774100,0.293,-0.014702,-0.017659
2024-03-31,AGG,97.93,98.08,97.85,97.94,8863332,0.286,0.008998,0.006061
2024-04-30,AGG,95.32,95.5,95.15,95.23,11228466,0.29,-0.024709,-0.02767
2024-05-31,AGG,96.46,96.59,96.41,96.52,8762935,0.295,0.016644,0.013546
2024-06-30,AGG,97.77,97.8,97.07,97.07,12781548,0.302,0.008827,0.005698
2024-07-31,AGG,98.81,99.12,98.65,99.11,11725122,0.301,0.024117,0.021016
2024-08-31,AGG,100.51,100.64,100.22,100.25,7213235,0.304,0.01457,0.011502
2024-09-30,AGG,101.44,101.48,101.14,101.27,9105421,0.312,0.013287,0.010175
2024-10-31,AGG,98.32,98.58,98.15,98.42,12754774,0.307,-0.025111,-0.028143
2024-11-30,AGG,99.15,99.22,99.08,99.2,9623200,0.31,0.011075,0.007925
2024-12-31,AGG,97.15,97.21,96.83,96.9,12276725,0.628,-0.016855,-0.023185
2025-01-31,AGG,97.62,97.73,97.26,97.4,10750147,0.0,0.00516,0.00516
2025-02-28,AGG,99.08,99.29,98.92,99.25,14453010,0.322,0.0223,0.018994
2025-03-31,AGG,98.98,99.09,98.7,98.92,13350746,0.304,-0.000262,-0.003325
2025-04-30,AGG,98.99,99.17,98.88,99.02,7370375,0.325,0.004296,0.001011
2025-05-31,AGG,97.86,98.1,97.8,98.1,15488429,0.321,-0.006049,-0.009291
2025-06-30,AGG,99.05,99.23,98.94,99.2,14036866,0.323,0.014506,0.011213
2025-07-31,AGG,98.72,98.83,98.57,98.62,19774718,0.319,-0.002631,-0.005847
2025-08-31,AGG,99.47,99.54,99.4,99.46,9181441,0.33,0.011864,0.008518
2025-09-30,AGG,100.33,100.49,100.2,100.25,12400700,0.327,0.011231,0.007943
2025-10-31,AGG,100.66,100.7,100.5,100.54,13111993,0.325,0.006135,0.002893
2025-11-30,AGG,100.91,100.94,100.7,100.82,5064814,0.327,0.006037,0.002785
2025-12-31,AGG,100.02,100.12,99.88,99.88,13535517,0.66,-0.002777,-0.009324
2026-01-31,AGG,100.16,100.22,100.11,100.13,12469668,0.0,0.002503,0.002503
2026-02-28,AGG,101.37,101.46,101.34,101.4,9033548,0.325,0.015929,0.012684
2026-03-31,AGG,99.28,99.48,99.18,99.27,23478538,0.316,-0.01789,-0.021006
2026-04-30,AGG,99.89,100.0,99.81,99.85,5614179,0.337,0.009237,0.005843
2006-06-30,QQQ,39.12,39.14,38.68,38.77,82721248,0.026,,
2006-07-31,QQQ,37.08,37.32,36.89,37.1,78096496,0.0,-0.043075,-0.043075
2006-08-31,QQQ,38.94,39.03,38.76,38.87,61215488,0.0,0.047709,0.047709
2006-09-30,QQQ,40.89,40.93,40.62,40.65,85447808,0.023,0.046385,0.045794
2006-10-31,QQQ,42.56,42.76,42.31,42.58,135825504,0.0,0.047478,0.047478
2006-11-30,QQQ,44.05,44.28,43.79,44.04,124969936,0.0,0.034288,0.034288
2006-12-31,QQQ,43.21,43.61,43.12,43.16,75163504,0.054,-0.018756,-0.019982
2007-01-31,QQQ,43.6,44.19,43.33,44.07,157934880,0.0,0.021084,0.021084
2007-02-28,QQQ,43.16,43.76,42.93,43.33,217497056,0.0,-0.016791,-0.016791
2007-03-31,QQQ,43.56,43.87,43.22,43.53,120431744,0.027,0.005239,0.004616
2007-04-30,QQQ,46.5,46.53,45.92,45.96,93433808,0.0,0.055824,0.055824
2007-05-31,QQQ,47.32,47.52,47.21,47.41,110695248,0.0,0.031549,0.031549
2007-06-30,QQQ,47.79,47.88,47.21,47.6,124794700,0.037,0.004788,0.004008
2007-07-31,QQQ,48.97,48.99,47.43,47.53,260235008,0.0,-0.001471,-0.001471
2007-08-31,QQQ,48.86,49.06,48.61,48.87,94687200,0.0,0.028193,0.028193
2007-09-30,QQQ,51.54,51.68,51.18,51.41,75546000,0.026,0.052507,0.051975
2007-10-31,QQQ,54.47,55.07,54.04,55.03,148431900,0.0,0.070414,0.070414
2007-11-30,QQQ,52.21,52.25,50.95,51.31,171417400,0.0,-0.067599,-0.067599
2007-12-31,QQQ,51.56,51.68,51.21,51.22,70137744,0.053,-0.000721,-0.001754
2008-01-31,QQQ,43.87,45.59,43.82,45.13,246824100,0.0,-0.118899,-0.118899
2008-02-29,QQQ,43.65,43.77,42.85,42.95,188724560,0.0,-0.048305,-0.048305
2008-03-31,QQQ,43.65,44.02,43.45,43.72,113644800,0.033,0.018696,0.017928
2008-04-30,QQQ,47.69,48.06,47.03,47.21,132152700,0.0,0.079826,0.079826
2008-05-31,QQQ,49.89,50.24,49.75,50.01,94163568,0.0,0.059309,0.059309
2008-06-30,QQQ,45.53,45.83,45.15,45.17,132929376,0.034,-0.096101,-0.096781
2008-07-31,QQQ,45.11,46.15,45.02,45.46,180730816,0.0,0.00642,0.00642
2008-08-31,QQQ,46.61,47.12,45.92,46.12,133272128,0.0,0.014518,0.014518
2008-09-30,QQQ,37.74,39.3,37.6,38.91,195512752,0.028,-0.155724,-0.156331
2008-10-31,QQQ,32.36,33.43,32.09,32.89,224280320,0.0,-0.154716,-0.154716
2008-11-30,QQQ,29.04,29.19,28.83,29.12,41242832,0.0,-0.114625,-0.114625
2008-12-31,QQQ,29.48,30.08,29.45,29.74,89221184,0.043,0.022768,0.021291
2009-01-31,QQQ,29.82,29.93,28.94,29.06,140355184,0.0,-0.022865,-0.022865
2009-02-28,QQQ,27.49,27.98,27.39,27.53,204492600,0.0,-0.05265,-0.05265
2009-03-31,QQQ,30.31,30.95,30.27,30.32,150243808,0.049,0.103124,0.101344
2009-04-30,QQQ,34.37,34.9,34.04,34.28,144120400,0.0,0.130607,0.130607
2009-05-31,QQQ,34.98,35.5,34.76,35.38,111535700,0.0,0.032089,0.032089
2009-06-30,QQQ,36.55,36.73,36.11,36.38,97843008,0.044,0.029508,0.028265
2009-07-31,QQQ,39.56,39.85,39.41,39.45,78208320,0.0,0.084387,0.084387
2009-08-31,QQQ,40.16,40.2,39.79,40.03,96415312,0.0,0.014702,0.014702
2009-09-30,QQQ,42.39,42.6,41.6,42.25,173102700,0.041,0.056483,0.055458
2009-10-31,QQQ,42.06,42.15,40.92,40.96,162796500,0.0,-0.030533,-0.030533
2009-11-30,QQQ,43.41,43.62,43.11,43.56,84819400,0.0,0.063477,0.063477
2009-12-31,QQQ,46.25,46.27,45.75,45.75,50079200,0.073,0.051951,0.050275
2010-01-31,QQQ,43.9,44.02,42.63,42.79,212126000,0.0,-0.064699,-0.064699
2010-02-28,QQQ,44.6,44.86,44.4,44.76,66222400,0.0,0.046039,0.046039
2010-03-31,QQQ,48.23,48.45,48.07,48.16,59947400,0.051,0.0771,0.075961
2010-04-30,QQQ,50.21,50.29,49.2,49.24,110897000,0.0,0.022425,0.022425
2010-05-31,QQQ,45.94,45.99,45.2,45.6,128535300,0.0,-0.073924,-0.073924
2010-06-30,QQQ,43.23,43.67,42.64,42.71,101313200,0.178,-0.059474,-0.063377
2010-07-31,QQQ,45.36,46.09,45.07,45.81,98958100,0.0,0.072583,0.072583
2010-08-31,QQQ,43.39,43.85,43.18,43.46,72066900,0.0,-0.051299,-0.051299
2010-09-30,QQQ,49.54,49.84,48.75,49.07,122458600,0.112,0.131661,0.129084
2010-10-31,QQQ,52.29,52.49,52.17,52.18,46668700,0.0,0.063379,0.063379
2010-11-30,QQQ,52.18,52.74,51.88,52.09,118862100,0.0,-0.001725,-0.001725
2010-12-31,QQQ,54.6,54.62,54.21,54.46,38565920,0.108,0.047572,0.045498
2011-01-31,QQQ,55.81,56.16,55.39,56.0,70571300,0.0,0.028278,0.028278
2011-02-28,QQQ,57.87,58.05,57.43,57.77,51402800,0.0,0.031607,0.031607
2011-03-31,QQQ,57.25,57.48,57.15,57.43,50143328,0.077,-0.004553,-0.005885
2011-04-30,QQQ,59.04,59.29,58.98,59.08,44831200,0.0,0.028731,0.028731
2011-05-31,QQQ,57.97,58.36,57.67,58.36,47590100,0.0,-0.012187,-0.012187
2011-06-30,QQQ,56.5,57.09,56.47,57.05,50483920,0.121,-0.020374,-0.022447
2011-07-31,QQQ,57.73,58.61,57.44,58.0,82860500,0.0,0.016652,0.016652
2011-08-31,QQQ,55.29,55.74,54.6,55.06,60900400,0.0,-0.05069,-0.05069
2011-09-30,QQQ,53.18,53.61,52.46,52.49,104957936,0.104,-0.044788,-0.046676
2011-10-31,QQQ,58.41,58.64,57.91,57.95,60520200,0.0,0.10402,0.10402
2011-11-30,QQQ,55.84,56.44,55.67,56.39,66918600,0.0,-0.02692,-0.02692
2011-12-31,QQQ,55.86,56.12,55.82,55.83,21832400,0.21,-0.006207,-0.009931
2012-01-31,QQQ,60.75,60.86,60.14,60.53,51449600,0.0,0.084184,0.084184
2012-02-29,QQQ,64.74,64.96,64.2,64.41,59784400,0.0,0.0641,0.0641
2012-03-31,QQQ,67.99,68.02,67.28,67.55,39480900,0.113,0.050505,0.04875
2012-04-30,QQQ,67.02,67.17,66.71,66.76,37787700,0.0,-0.011695,-0.011695
2012-05-31,QQQ,62.25,62.41,61.59,62.06,55260100,0.0,-0.070401,-0.070401
2012-06-30,QQQ,63.37,64.16,63.21,64.16,44765808,0.143,0.036142,0.033838
2012-07-31,QQQ,64.91,65.18,64.74,64.8,34595376,0.0,0.009975,0.009975
2012-08-31,QQQ,68.2,68.45,67.47,68.16,42128000,0.0,0.051852,0.051852
2012-09-30,QQQ,68.92,69.12,68.51,68.57,30116096,0.2,0.00895,0.006015
2012-10-31,QQQ,65.31,65.39,64.73,64.95,38524500,0.0,-0.052793,-0.052793
2012-11-30,QQQ,65.92,65.97,65.61,65.8,33502048,0.0,0.013087,0.013087
2012-12-31,QQQ,63.68,65.25,63.58,65.13,57553104,0.367,-0.004605,-0.010182
2013-01-31,QQQ,66.99,67.35,66.81,66.87,34870500,0.0,0.026716,0.026716
2013-02-28,QQQ,67.24,67.74,67.09,67.1,28557300,0.0,0.00344,0.00344
2013-03-31,QQQ,68.81,69.06,68.64,68.97,23669808,0.159,0.030238,0.027869
2013-04-30,QQQ,70.29,70.73,70.04,70.72,30146320,0.0,0.025373,0.025373
2013-05-31,QQQ,73.65,74.21,73.17,73.25,38354672,0.0,0.035775,0.035775
2013-06-30,QQQ,70.92,71.69,70.79,71.27,28301100,0.224,-0.023973,-0.027031
2013-07-31,QQQ,75.77,76.21,75.63,75.77,25007600,0.0,0.06314,0.06314
2013-08-31,QQQ,76.04,76.04,75.2,75.47,26228500,0.0,-0.003959,-0.003959
2013-09-30,QQQ,78.27,79.09,78.0,78.88,28031900,0.238,0.048337,0.045184
2013-10-31,QQQ,82.77,83.3,82.48,82.79,31309909,0.0,0.049569,0.049569
2013-11-30,QQQ,85.54,85.84,85.47,85.73,16708900,0.0,0.035512,0.035512
2013-12-31,QQQ,87.54,87.96,87.52,87.96,24896065,0.272,0.029185,0.026012
2014-01-31,QQQ,85.54,86.68,85.45,86.27,45196915,0.0,-0.019213,-0.019213
2014-02-28,QQQ,90.41,90.96,89.54,90.34,48623159,0.373,0.051501,0.047177
2014-03-31,QQQ,87.73,88.26,87.62,87.67,33924300,0.206,-0.027275,-0.029555
2014-04-30,QQQ,86.79,87.48,86.54,87.39,38689408,0.0,-0.003194,-0.003194
2014-05-31,QQQ,91.33,91.45,90.83,91.31,29916899,0.0,0.044856,0.044856
2014-06-30,QQQ,93.71,94.14,93.67,93.91,19764915,0.249,0.031201,0.028474
2014-07-31,QQQ,96.2,96.34,94.88,95.02,50047926,0.0,0.01182,0.01182
2014-08-31,QQQ,99.65,99.91,99.27,99.78,17912339,0.0,0.050095,0.050095
2014-09-30,QQQ,98.92,99.3,98.32,98.79,41834324,0.238,-0.007537,-0.009922
2014-10-31,QQQ,101.67,101.75,101.07,101.4,54254141,0.0,0.02642,0.02642
2014-11-30,QQQ,105.8,106.25,105.73,106.01,17360420,0.0,0.045464,0.045464
2014-12-31,QQQ,104.5,104.91,103.1,103.25,24367121,0.387,-0.022385,-0.026035
2015-01-31,QQQ,101.8,102.58,100.96,101.1,42927638,0.0,-0.020823,-0.020823
2015-02-28,QQQ,108.84,108.91,108.23,108.4,27757600,0.0,0.072206,0.072206
2015-03-31,QQQ,106.43,106.65,105.57,105.6,30488101,0.248,-0.023542,-0.02583
2015-04-30,QQQ,108.73,109.17,107.06,107.63,44080546,0.0,0.019223,0.019223
2015-05-31,QQQ,110.64,110.79,109.79,110.05,30383000,0.0,0.022484,0.022484
2015-06-30,QQQ,107.49,107.72,106.74,107.07,34809920,0.254,-0.024771,-0.027079
2015-07-31,QQQ,112.43,112.49,111.72,111.95,22081731,0.0,0.045578,0.045578
2015-08-31,QQQ,105.03,105.61,104.05,104.31,39549400,0.0,-0.068245,-0.068245
2015-09-30,QQQ,100.89,101.87,100.5,101.76,41411432,0.26,-0.021954,-0.024446
2015-10-31,QQQ,113.89,114.08,113.3,113.33,27199231,0.0,0.113699,0.113699
2015-11-30,QQQ,114.6,114.65,113.65,114.02,25041649,0.0,0.006088,0.006088
2015-12-31,QQQ,112.87,113.08,111.84,111.86,29886849,0.342,-0.015945,-0.018944
2016-01-31,QQQ,102.0,104.17,101.94,104.13,54245100,0.0,-0.069104,-0.069104
2016-02-29,QQQ,103.31,104.1,102.5,102.5,27553937,0.0,-0.015654,-0.015654
2016-03-31,QQQ,109.3,109.69,109.03,109.2,21447236,0.318,0.068468,0.065366
2016-04-30,QQQ,106.22,106.5,104.88,105.72,67502800,0.0,-0.031868,-0.031868
2016-05-31,QQQ,110.28,110.51,109.78,110.34,24366106,0.0,0.0437,0.0437
2016-06-30,QQQ,106.52,107.61,106.13,107.54,36300819,0.287,-0.022775,-0.025376
2016-07-31,QQQ,115.24,115.54,114.87,115.23,22385320,0.0,0.071508,0.071508
2016-08-31,QQQ,116.38,116.56,115.95,116.44,16169800,0.0,0.010501,0.010501
2016-09-30,QQQ,118.15,119.07,118.03,118.72,25543200,0.294,0.022106,0.019581
2016-10-31,QQQ,117.53,117.53,116.93,116.99,18749400,0.0,-0.014572,-0.014572
2016-11-30,QQQ,119.06,119.13,117.46,117.5,30405342,0.0,0.004359,0.004359
2016-12-31,QQQ,119.93,119.95,118.14,118.48,41749028,0.355,0.011362,0.00834
2017-01-31,QQQ,124.4,124.6,123.85,124.57,19091133,0.0,0.051401,0.051401
2017-02-28,QQQ,130.39,130.45,129.66,130.02,16598600,0.0,0.043751,0.043751
2017-03-31,QQQ,132.27,132.74,132.13,132.38,19841411,0.274,0.020258,0.018151
2017-04-30,QQQ,136.28,136.34,135.77,135.99,22771946,0.0,0.02727,0.02727
2017-05-31,QQQ,141.8,141.84,140.57,141.29,33229404,0.0,0.038973,0.038973
2017-06-30,QQQ,138.0,138.67,137.19,137.64,68898300,0.378,-0.023158,-0.025833
2017-07-31,QQQ,144.22,144.43,142.92,143.23,33848645,0.0,0.040613,0.040613
2017-08-31,QQQ,145.03,146.21,144.98,146.2,38480747,0.0,0.020736,0.020736
2017-09-30,QQQ,144.7,145.56,144.32,145.45,43102400,0.319,-0.002948,-0.00513
2017-10-31,QQQ,152.04,152.37,151.63,152.15,26319327,0.0,0.046064,0.046064
2017-11-30,QQQ,154.46,155.45,154.15,155.15,56595500,0.0,0.019717,0.019717
2017-12-31,QQQ,156.9,156.9,155.7,155.76,33186000,0.329,0.006052,0.003932
2018-01-31,QQQ,169.67,169.99,168.34,169.4,42449200,0.0,0.087571,0.087571
2018-02-28,QQQ,169.25,169.8,167.1,167.21,42936334,0.0,-0.012928,-0.012928
2018-03-31,QQQ,158.13,161.71,156.63,160.13,68692600,0.277,-0.040685,-0.042342
2018-04-30,QQQ,162.48,163.48,160.54,160.94,35615300,0.0,0.005058,0.005058
2018-05-31,QQQ,170.13,171.2,169.63,170.07,35670946,0.0,0.056729,0.056729
2018-06-30,QQQ,172.0,172.92,171.4,171.65,36408500,0.378,0.011513,0.00929
2018-07-31,QQQ,175.75,177.13,174.82,176.45,47285135,0.0,0.027964,0.027964
2018-08-31,QQQ,186.18,187.18,185.98,186.65,28653248,0.0,0.057807,0.057807
2018-09-30,QQQ,185.25,186.28,184.97,185.79,28076843,0.33,-0.00284,-0.004608
2018-10-31,QQQ,168.55,171.25,168.54,169.82,73828635,0.0,-0.085957,-0.085957
2018-11-30,QQQ,168.38,169.47,167.54,169.37,36722800,0.0,-0.00265,-0.00265
2018-12-31,QQQ,154.47,154.98,152.71,154.26,53015313,0.421,-0.086727,-0.089213
2019-01-31,QQQ,166.65,168.99,166.47,168.16,37258400,0.0,0.090108,0.090108
2019-02-28,QQQ,173.04,173.81,172.7,173.19,25085500,0.0,0.029912,0.029912
2019-03-31,QQQ,179.63,179.83,178.59,179.66,35205511,0.324,0.039229,0.037358
2019-04-30,QQQ,189.48,189.85,188.21,189.54,31495300,0.0,0.054993,0.054993
2019-05-31,QQQ,174.71,175.29,173.87,173.95,45446206,0.0,-0.082252,-0.082252
2019-06-30,QQQ,186.95,187.15,186.07,186.74,21179248,0.416,0.075918,0.073527
2019-07-31,QQQ,194.31,194.43,189.32,191.1,41627500,0.0,0.023348,0.023348
2019-08-31,QQQ,188.94,188.97,186.41,187.47,26332749,0.0,-0.018995,-0.018995
2019-09-30,QQQ,187.75,189.11,187.4,188.81,26559841,0.384,0.009196,0.007148
2019-10-31,QQQ,197.56,197.65,195.94,197.08,26801803,0.0,0.043801,0.043801
2019-11-30,QQQ,205.59,205.83,205.0,205.1,9854600,0.0,0.040694,0.040694
2019-12-31,QQQ,211.62,212.76,211.2,212.61,18201585,0.458,0.038849,0.036616
2020-01-31,QQQ,223.5,223.56,218.29,219.07,52015832,0.0,0.030384,0.030384
2020-02-29,QQQ,198.92,207.17,198.17,205.8,149247073,0.0,-0.060574,-0.060574
2020-03-31,QQQ,191.53,195.25,189.2,190.4,62659300,0.363,-0.073066,-0.07483
2020-04-30,QQQ,220.01,220.04,217.35,218.91,43359500,0.0,0.149737,0.149737
2020-05-31,QQQ,230.43,233.6,228.76,233.36,50878596,0.0,0.066009,0.066009
2020-06-30,QQQ,242.77,248.16,242.58,247.6,38909219,0.424,0.062839,0.061022
2020-07-31,QQQ,265.83,265.95,260.85,265.79,53756159,0.0,0.073465,0.073465
2020-08-31,QQQ,293.16,296.75,292.62,294.88,36321027,0.0,0.109447,0.109447
2020-09-30,QQQ,276.09,281.09,275.87,277.84,49380802,0.0,-0.057786,-0.057786
2020-10-31,QQQ,274.38,275.24,267.07,269.38,65935893,0.0,-0.030449,-0.030449
2020-11-30,QQQ,299.3,299.97,294.78,299.62,27836232,0.0,0.112258,0.112258
2020-12-31,QQQ,312.87,314.24,311.76,313.74,21611412,0.561,0.048999,0.047126
2021-01-31,QQQ,319.58,320.72,312.76,314.56,55259018,0.0,0.002614,0.002614
2021-02-28,QQQ,315.85,319.11,310.88,314.14,104739841,0.0,-0.001335,-0.001335
2021-03-31,QQQ,316.16,320.74,315.81,319.13,55032535,0.395,0.017142,0.015885
2021-04-30,QQQ,337.7,340.26,337.05,337.99,38263421,0.0,0.059098,0.059098
2021-05-31,QQQ,334.12,335.57,333.6,333.93,29927449,0.0,-0.012012,-0.012012
2021-06-30,QQQ,354.83,355.23,353.83,354.43,32724000,0.397,0.062579,0.06139
2021-07-31,QQQ,362.44,365.17,362.41,364.57,36484649,0.0,0.028609,0.028609
2021-08-31,QQQ,380.51,380.58,378.36,379.95,29628200,0.0,0.042187,0.042187
2021-09-30,QQQ,360.97,362.68,357.1,357.96,61384600,0.414,-0.056786,-0.057876
2021-10-31,QQQ,381.06,386.28,380.7,386.11,37310116,0.0,0.07864,0.07864
2021-11-30,QQQ,398.78,401.19,391.75,393.82,81332700,0.0,0.019968,0.019968
2021-12-31,QQQ,399.66,401.06,397.34,397.85,34752900,0.491,0.01148,0.010233
2022-01-31,QQQ,353.2,363.65,351.52,363.05,94326400,0.0,-0.08747,-0.08747
2022-02-28,QQQ,342.51,348.54,341.32,346.8,77515544,0.0,-0.04476,-0.04476
2022-03-31,QQQ,367.24,367.6,361.68,362.54,67011405,0.434,0.046638,0.045386
2022-04-30,QQQ,323.7,327.23,312.6,313.25,91977900,0.0,-0.135957,-0.135957
2022-05-31,QQQ,309.07,311.33,304.33,308.28,60968330,0.0,-0.015866,-0.015866
2022-06-30,QQQ,280.75,283.94,275.78,280.28,79313600,0.527,-0.089117,-0.090827
2022-07-31,QQQ,311.39,316.39,309.93,315.46,57501043,0.0,0.125517,0.125517
2022-08-31,QQQ,303.99,304.91,299.16,299.27,50044041,0.0,-0.051322,-0.051322
2022-09-30,QQQ,271.03,275.19,267.1,267.26,78482400,0.519,-0.105226,-0.10696
2022-10-31,QQQ,278.92,279.76,275.99,277.95,47742000,0.0,0.039999,0.039999
2022-11-30,QQQ,280.84,293.47,279.97,293.36,74718100,0.0,0.055442,0.055442
2022-12-31,QQQ,263.62,266.41,262.29,266.28,37858300,0.655,-0.090077,-0.09231
2023-01-31,QQQ,290.31,294.72,290.2,294.62,46705106,0.0,0.106429,0.106429
2023-02-28,QQQ,293.3,296.12,292.96,293.56,48243141,0.0,-0.003598,-0.003598
2023-03-31,QQQ,315.91,321.17,315.6,320.93,62138100,0.472,0.094843,0.093235
2023-04-30,QQQ,320.11,322.65,318.96,322.56,59712635,0.0,0.005079,0.005079
2023-05-31,QQQ,348.37,350.6,346.51,347.99,65105400,0.0,0.078838,0.078838
2023-06-30,QQQ,367.55,370.49,367.23,369.42,58712501,0.504,0.063031,0.061582
2023-07-31,QQQ,383.79,384.88,382.34,383.68,44019905,0.0,0.038601,0.038601
2023-08-31,QQQ,376.94,379.72,376.87,377.99,35730701,0.0,-0.01483,-0.01483
2023-09-30,QQQ,361.54,362.95,357.02,358.27,64829616,0.536,-0.050753,-0.052171
2023-10-31,QQQ,349.23,351.25,346.62,350.87,47671906,0.0,-0.020655,-0.020655
2023-11-30,QQQ,390.08,390.55,385.82,388.83,52834400,0.0,0.108188,0.108188
2023-12-31,QQQ,411.28,411.64,407.58,409.52,42662120,1.024,0.055844,0.053211
2024-01-31,QQQ,420.85,422.87,416.79,416.97,64010649,0.0,0.018192,0.018192
2024-02-29,QQQ,438.23,440.09,435.02,439.0,42495200,0.0,0.052834,0.052834
2024-03-31,QQQ,444.78,445.64,443.65,444.01,36839641,0.573,0.012718,0.011412
2024-04-30,QQQ,431.15,432.56,424.51,424.59,43665934,0.0,-0.043738,-0.043738
2024-05-31,QQQ,451.78,452.48,443.06,450.71,55941301,0.0,0.061518,0.061518
2024-06-30,QQQ,482.41,487.2,478.46,479.11,34881600,0.762,0.064702,0.063012
2024-07-31,QQQ,467.87,472.79,466.41,471.07,44552134,0.0,-0.016781,-0.016781
2024-08-31,QQQ,475.04,476.9,470.51,476.27,33466500,0.0,0.011039,0.011039
2024-09-30,QQQ,485.78,488.41,482.92,488.07,30330605,0.677,0.026197,0.024776
2024-10-31,QQQ,492.38,492.43,483.75,483.85,41245248,0.0,-0.008646,-0.008646
2024-11-30,QQQ,505.93,510.34,505.31,509.74,15334000,0.0,0.053508,0.053508
2024-12-31,QQQ,516.9,517.66,510.26,511.23,29117028,0.835,0.004561,0.002923
2025-01-31,QQQ,526.92,531.52,521.19,522.29,38845467,0.0,0.021634,0.021634
2025-02-28,QQQ,500.13,508.78,496.93,508.17,47654043,0.0,-0.027035,-0.027035
2025-03-31,QQQ,461.92,469.86,457.33,468.92,53000303,0.716,-0.075829,-0.077238
2025-04-30,QQQ,467.13,477.2,462.43,475.47,46810610,0.0,0.013968,0.013968
2025-05-31,QQQ,519.44,520.68,511.93,519.11,67662836,0.0,0.091783,0.091783
2025-06-30,QQQ,551.26,552.8,549.01,551.64,45548742,0.591,0.063803,0.062665
2025-07-31,QQQ,574.54,574.63,563.87,565.01,64613600,0.0,0.024237,0.024237
2025-08-31,QQQ,574.66,575.03,568.54,570.4,56030409,0.0,0.00954,0.00954
2025-09-30,QQQ,598.43,600.71,596.1,600.37,46533814,0.694,0.053759,0.052542
2025-10-31,QQQ,634.17,634.2,626.69,629.07,66305147,0.0,0.047804,0.047804
2025-11-30,QQQ,616.11,619.32,615.42,619.25,23034400,0.0,-0.01561,-0.01561
2025-12-31,QQQ,619.65,619.96,614.05,614.31,40746527,0.794,-0.006695,-0.007977
2026-01-31,QQQ,625.71,628.26,619.3,621.87,65650714,0.0,0.012306,0.012306
2026-02-28,QQQ,602.98,608.32,602.19,607.29,68125200,0.0,-0.023445,-0.023445
2026-03-31,QQQ,564.29,578.64,564.21,577.18,95878000,0.733,-0.048374,-0.049581
2026-04-30,QQQ,645.59,650.0,644.07,648.85,53488871,0.0,0.124173,0.124173
2006-06-30,SPY,127.54,127.66,126.96,127.28,54227800,0.555,,
2006-07-31,SPY,127.66,127.96,127.45,127.85,49593100,0.0,0.004478,0.004478
2006-08-31,SPY,130.85,130.99,130.58,130.64,37510300,0.0,0.021822,0.021822
2006-09-30,SPY,133.8,133.94,133.48,133.58,47966600,0.579,0.026937,0.022505
2006-10-31,SPY,138.07,138.26,137.25,137.79,71274100,0.0,0.031517,0.031517
2006-11-30,SPY,140.44,141.05,139.76,140.53,83994300,0.0,0.019885,0.019885
2006-12-31,SPY,142.06,142.54,141.43,141.62,45461200,0.793,0.013399,0.007756
2007-01-31,SPY,142.63,144.13,142.4,143.75,91868600,0.0,0.01504,0.01504
2007-02-28,SPY,140.39,141.98,139.8,140.93,177536300,0.0,-0.019617,-0.019617
2007-03-31,SPY,142.24,142.84,140.56,142.0,128194100,0.551,0.011502,0.007592
2007-04-30,SPY,149.64,149.74,148.21,148.29,100874100,0.0,0.044296,0.044296
2007-05-31,SPY,153.67,153.89,153.12,153.32,114866700,0.0,0.03392,0.03392
2007-06-30,SPY,150.9,151.65,149.15,150.43,199701800,0.656,-0.014571,-0.018849
2007-07-31,SPY,148.33,149.46,145.04,145.72,316976700,0.0,-0.03131,-0.03131
2007-08-31,SPY,147.65,148.5,146.83,147.59,185477500,0.0,0.012833,0.012833
2007-09-30,SPY,152.85,153.19,151.98,152.58,133372100,0.719,0.038681,0.03381
2007-10-31,SPY,153.98,155.27,152.84,154.65,220954400,0.0,0.013567,0.013567
2007-11-30,SPY,149.04,149.87,147.33,148.66,222908000,0.0,-0.038733,-0.038733
2007-12-31,SPY,147.1,147.61,146.06,146.21,108126800,0.775,-0.011267,-0.016481
2008-01-31,SPY,133.4,138.54,133.2,137.37,343680800,0.0,-0.060461,-0.060461
2008-02-29,SPY,135.6,135.68,132.78,133.82,252715200,0.0,-0.025843,-0.025843
2008-03-31,SPY,131.29,132.73,131.09,131.97,166692100,0.642,-0.009027,-0.013825
2008-04-30,SPY,139.29,140.59,138.26,138.26,208395900,0.0,0.047662,0.047662
2008-05-31,SPY,140.47,140.74,139.94,140.35,117362000,0.0,0.015116,0.015116
2008-06-30,SPY,127.89,128.91,127.3,127.98,258842600,0.669,-0.08337,-0.088137
2008-07-31,SPY,127.4,128.57,126.63,126.83,277402100,0.0,-0.008986,-0.008986
2008-08-31,SPY,129.73,130.14,128.51,128.79,189195800,0.0,0.015454,0.015454
2008-09-30,SPY,113.51,116.8,110.53,115.99,328154400,0.691,-0.094021,-0.099387
2008-10-31,SPY,95.08,98.57,94.48,96.83,411394000,0.0,-0.165187,-0.165187
2008-11-30,SPY,88.63,90.13,88.48,90.09,118308100,0.0,-0.069607,-0.069607
2008-12-31,SPY,89.08,90.97,88.87,90.24,193987200,0.719,0.009646,0.001665
2009-01-31,SPY,84.98,85.4,82.21,82.83,383383600,0.0,-0.082114,-0.082114
2009-02-28,SPY,74.01,75.69,73.81,73.93,470510900,0.0,-0.107449,-0.107449
2009-03-31,SPY,79.56,81.08,79.05,79.52,364238300,0.561,0.0832,0.075612
2009-04-30,SPY,88.55,89.02,86.92,87.42,301419800,0.0,0.099346,0.099346
2009-05-31,SPY,91.42,93.7,90.68,92.53,258641500,0.0,0.058453,0.058453
2009-06-30,SPY,92.72,93.06,91.27,91.95,228888200,0.518,-0.00067,-0.006268
2009-07-31,SPY,98.65,99.47,98.38,98.81,207358000,0.0,0.074606,0.074606
2009-08-31,SPY,102.37,102.58,101.79,102.46,176051600,0.0,0.03694,0.03694
2009-09-30,SPY,106.36,106.46,104.62,105.59,254383000,0.508,0.035507,0.030549
2009-10-31,SPY,106.3,106.62,103.44,103.56,325608100,0.0,-0.019225,-0.019225
2009-11-30,SPY,109.48,110.2,108.12,109.94,160874800,0.0,0.061607,0.061607
2009-12-31,SPY,112.77,112.8,111.39,111.44,90637900,0.59,0.01901,0.013644
2010-01-31,SPY,109.04,109.8,107.22,107.39,310677600,0.0,-0.036342,-0.036342
2010-02-28,SPY,110.77,111.12,110.11,110.74,173589300,0.0,0.031195,0.031195
2010-03-31,SPY,116.95,117.52,116.61,117.0,161078700,0.48,0.060863,0.056529
2010-04-30,SPY,120.88,121.01,118.78,118.81,270000900,0.0,0.01547,0.01547
2010-05-31,SPY,110.64,110.72,108.85,109.37,297933500,0.0,-0.079455,-0.079455
2010-06-30,SPY,103.92,104.88,102.88,103.22,284101700,0.531,-0.051376,-0.056231
2010-07-31,SPY,109.17,110.86,108.98,110.27,220070600,0.0,0.068301,0.068301
2010-08-31,SPY,104.92,105.98,104.49,105.31,273933100,0.0,-0.044981,-0.044981
2010-09-30,SPY,115.05,115.79,113.59,114.13,287106700,0.602,0.089469,0.083753
2010-10-31,SPY,118.28,118.72,118.07,118.49,144305500,0.0,0.038202,0.038202
2010-11-30,SPY,117.98,119.17,117.81,118.49,233930700,0.0,0.0,0.0
2010-12-31,SPY,125.53,125.87,125.33,125.75,91218900,0.653,0.066782,0.061271
2011-01-31,SPY,128.07,128.78,127.75,128.68,149249200,0.0,0.0233,0.0233
2011-02-28,SPY,132.82,133.32,132.38,133.15,141585500,0.0,0.034737,0.034737
2011-03-31,SPY,132.6,132.96,132.45,132.59,132537100,0.553,-5.3e-05,-0.004206
2011-04-30,SPY,136.16,136.57,135.98,136.43,115094100,0.0,0.028961,0.028961
2011-05-31,SPY,134.77,134.92,133.84,134.9,164731200,0.0,-0.011215,-0.011215
2011-06-30,SPY,131.14,132.18,130.71,131.97,223322700,0.628,-0.017064,-0.02172
2011-07-31,SPY,128.91,130.55,127.97,129.33,307038400,0.0,-0.020005,-0.020005
2011-08-31,SPY,122.46,123.51,121.3,122.22,301828400,0.0,-0.054976,-0.054976
2011-09-30,SPY,114.45,115.45,113.07,113.15,288392300,0.625,-0.069097,-0.07421
2011-10-31,SPY,127.16,128.62,125.32,125.5,228146700,0.0,0.109147,0.109147
2011-11-30,SPY,123.49,125.22,120.0,124.99,324439500,0.0,-0.004064,-0.004064
2011-12-31,SPY,126.02,126.33,125.5,125.5,95599000,0.77,0.010241,0.00408
2012-01-31,SPY,132.02,132.18,130.68,131.32,157212000,0.0,0.046375,0.046375
2012-02-29,SPY,137.76,138.19,136.54,137.02,185934700,0.0,0.043405,0.043405
2012-03-31,SPY,140.92,141.05,140.05,140.81,135486800,0.614,0.032141,0.02766
2012-04-30,SPY,140.11,140.21,139.49,139.87,115092200,0.0,-0.006676,-0.006676
2012-05-31,SPY,131.71,132.45,130.34,131.47,196186000,0.0,-0.060056,-0.060056
2012-06-30,SPY,135.2,136.27,134.85,136.1,212250900,0.688,0.04045,0.035217
2012-07-31,SPY,138.49,138.87,137.71,137.71,120575900,0.0,0.01183,0.01183
2012-08-31,SPY,141.29,141.82,140.36,141.16,151970400,0.0,0.025053,0.025053
2012-09-30,SPY,144.09,144.56,143.46,143.97,150696100,0.779,0.025425,0.019906
2012-10-31,SPY,141.85,142.03,140.68,141.35,103438500,0.0,-0.018198,-0.018198
2012-11-30,SPY,142.14,142.42,141.66,142.15,136568300,0.0,0.00566,0.00566
2012-12-31,SPY,139.66,142.56,139.54,142.41,243935200,1.022,0.009019,0.001829
2013-01-31,SPY,149.89,150.38,149.6,149.7,108975800,0.0,0.05119,0.05119
2013-02-28,SPY,151.9,152.87,151.41,151.61,126866000,0.0,0.012759,0.012759
2013-03-31,SPY,156.09,156.85,155.75,156.67,102932800,0.694,0.037953,0.033375
2013-04-30,SPY,159.27,159.72,158.61,159.68,116010700,0.0,0.019212,0.019212
2013-05-31,SPY,165.37,166.31,163.13,163.45,176850100,0.0,0.02361,0.02361
2013-06-30,SPY,160.63,161.4,159.86,160.42,160402900,0.839,-0.013405,-0.018538
2013-07-31,SPY,168.94,169.85,168.49,168.71,142388700,0.0,0.051677,0.051677
2013-08-31,SPY,164.51,164.53,163.17,163.65,134928900,0.0,-0.029992,-0.029992
2013-09-30,SPY,167.48,168.54,167.15,168.01,143937000,0.838,0.031763,0.026642
2013-10-31,SPY,176.15,176.89,175.53,175.79,133795000,0.0,0.046307,0.046307
2013-11-30,SPY,181.32,181.75,180.8,181.0,55870900,0.0,0.029638,0.029638
2013-12-31,SPY,184.07,184.69,183.93,184.69,86119900,0.98,0.025801,0.020387
2014-01-31,SPY,177.01,179.29,176.92,178.18,194677900,0.0,-0.035248,-0.035248
2014-02-28,SPY,185.79,187.15,185.05,186.29,150842000,0.0,0.045516,0.045516
2014-03-31,SPY,186.67,187.3,185.52,187.01,99745000,0.825,0.008294,0.003865
2014-04-30,SPY,187.44,188.5,187.18,188.31,101508000,0.0,0.006951,0.006951
2014-05-31,SPY,192.19,192.8,192.03,192.68,76316000,0.0,0.023206,0.023206
2014-06-30,SPY,195.7,196.17,195.53,195.72,70201200,0.937,0.02064,0.015777
2014-07-31,SPY,195.61,195.78,192.97,193.09,183479000,0.0,-0.013438,-0.013438
2014-08-31,SPY,200.45,200.73,199.82,200.71,65907000,0.0,0.039463,0.039463
2014-09-30,SPY,197.69,198.3,196.61,197.02,131302000,0.939,-0.013706,-0.018385
2014-10-31,SPY,201.78,201.82,200.77,201.66,146903000,0.0,0.023551,0.023551
2014-11-30,SPY,207.49,207.87,206.91,207.2,57890100,0.0,0.027472,0.027472
2014-12-31,SPY,207.99,208.19,205.39,205.54,130333800,1.135,-0.002534,-0.008012
2015-01-31,SPY,200.57,202.17,199.13,199.45,197729700,0.0,-0.029629,-0.029629
2015-02-28,SPY,211.26,211.58,210.6,210.66,108076000,0.0,0.056205,0.056205
2015-03-31,SPY,207.26,208.1,206.36,206.43,126768700,0.931,-0.01566,-0.02008
2015-04-30,SPY,209.88,210.35,207.62,208.46,161304900,0.0,0.009834,0.009834
2015-05-31,SPY,212.38,212.43,210.82,211.14,124919600,0.0,0.012856,0.012856
2015-06-30,SPY,207.26,207.32,205.28,205.85,182925100,1.03,-0.020176,-0.025054
2015-07-31,SPY,211.42,211.45,210.16,210.5,103266900,0.0,0.022589,0.022589
2015-08-31,SPY,198.11,199.13,197.01,197.67,163298800,0.0,-0.06095,-0.06095
2015-09-30,SPY,190.37,191.83,189.44,191.63,163452000,1.033,-0.02533,-0.030556
2015-10-31,SPY,209.06,209.44,207.74,207.93,131076900,0.0,0.08506,0.08506
2015-11-30,SPY,209.75,209.89,208.56,208.69,112822700,0.0,0.003655,0.003655
2015-12-31,SPY,205.13,205.89,203.87,203.87,114877900,1.212,-0.017289,-0.023096
2016-01-31,SPY,190.02,193.88,189.88,193.72,210529300,0.0,-0.049787,-0.049787
2016-02-29,SPY,195.11,196.23,193.33,193.56,125918100,0.0,-0.000826,-0.000826
2016-03-31,SPY,205.91,206.41,205.33,205.52,94584100,1.05,0.067214,0.06179
2016-04-30,SPY,206.72,207.13,205.03,206.33,142424100,0.0,0.003941,0.003941
2016-05-31,SPY,210.56,210.69,209.18,209.84,109879400,0.0,0.017012,0.017012
2016-06-30,SPY,207.21,209.54,206.56,209.48,165021900,1.078,0.003422,-0.001716
2016-07-31,SPY,216.46,217.54,216.13,217.12,79519400,0.0,0.036471,0.036471
2016-08-31,SPY,217.61,217.75,216.47,217.38,85269500,0.0,0.001197,0.001197
2016-09-30,SPY,215.65,217.12,215.36,216.3,117202900,1.082,9e-06,-0.004968
2016-10-31,SPY,212.93,213.19,212.36,212.55,61272500,0.0,-0.017337,-0.017337
2016-11-30,SPY,221.63,221.82,220.31,220.38,113291800,0.0,0.036838,0.036838
2016-12-31,SPY,224.73,224.83,222.73,223.53,108998300,1.329,0.020324,0.014293
2017-01-31,SPY,226.98,227.6,226.32,227.53,75880800,0.0,0.017895,0.017895
2017-02-28,SPY,236.67,236.95,236.02,236.47,96961900,0.0,0.039292,0.039292
2017-03-31,SPY,235.9,236.51,235.68,235.74,73733100,1.033,0.001281,-0.003087
2017-04-30,SPY,238.9,238.93,237.93,238.08,63532800,0.0,0.009926,0.009926
2017-05-31,SPY,241.84,241.88,240.64,241.44,91796000,0.0,0.014113,0.014113
2017-06-30,SPY,242.28,242.71,241.58,241.8,86820700,1.183,0.006391,0.001491
2017-07-31,SPY,247.37,247.48,246.53,246.77,65838700,0.0,0.020554,0.020554
2017-08-31,SPY,246.72,247.77,246.05,247.49,103803900,0.0,0.002918,0.002918
2017-09-30,SPY,250.34,251.32,250.13,251.23,85578000,1.235,0.020102,0.015112
2017-10-31,SPY,257.18,257.44,256.81,257.15,60304800,0.0,0.023564,0.023564
2017-11-30,SPY,263.76,266.05,263.67,265.01,127894400,0.0,0.030566,0.030566
2017-12-31,SPY,268.53,268.55,266.64,266.86,96007400,1.351,0.012079,0.006981
2018-01-31,SPY,282.73,283.3,280.68,281.9,108364800,0.0,0.056359,0.056359
2018-02-28,SPY,275.68,276.19,271.29,271.65,121907800,0.0,-0.03636,-0.03636
2018-03-31,SPY,261.12,265.26,259.84,263.15,111601600,1.097,-0.027252,-0.03129
2018-04-30,SPY,267.26,267.89,264.43,264.51,82182300,0.0,0.005168,0.005168
2018-05-31,SPY,272.15,272.49,270.26,270.94,93519900,0.0,0.024309,0.024309
2018-06-30,SPY,272.12,273.66,271.15,271.28,97592500,1.246,0.005854,0.001255
2018-07-31,SPY,280.81,282.02,280.38,281.33,68570500,0.0,0.037047,0.037047
2018-08-31,SPY,289.84,290.81,289.29,290.31,66140800,0.0,0.03192,0.03192
2018-09-30,SPY,289.99,291.28,289.95,290.72,70091400,1.323,0.005969,0.001412
2018-10-31,SPY,270.65,273.23,270.12,270.63,128296300,0.0,-0.069104,-0.069104
2018-11-30,SPY,273.81,276.28,273.45,275.65,98204200,0.0,0.018549,0.018549
2018-12-31,SPY,249.56,250.19,247.47,249.92,144299400,1.435,-0.088137,-0.093343
2019-01-31,SPY,267.51,270.47,267.27,269.93,104012100,0.0,0.080066,0.080066
2019-02-28,SPY,278.96,279.45,278.32,278.68,69268300,0.0,0.032416,0.032416
2019-03-31,SPY,282.39,282.84,281.14,282.48,82186800,1.233,0.01806,0.013636
2019-04-30,SPY,293.49,294.34,291.92,294.02,81111700,0.0,0.040852,0.040852
2019-05-31,SPY,276.2,277.12,275.24,275.27,86862800,0.0,-0.063771,-0.063771
2019-06-30,SPY,292.58,293.55,292.01,293.0,59350900,1.432,0.069612,0.064409
2019-07-31,SPY,300.99,301.2,295.2,297.43,104245200,0.0,0.015119,0.015119
2019-08-31,SPY,294.22,294.24,291.42,292.45,62901200,0.0,-0.016743,-0.016743
2019-09-30,SPY,295.97,297.55,295.92,296.77,51662400,1.384,0.019504,0.014772
2019-10-31,SPY,304.13,304.13,301.73,303.33,69053800,0.0,0.022105,0.022105
2019-11-30,SPY,314.86,315.13,314.06,314.31,36592700,0.0,0.036198,0.036198
2019-12-31,SPY,320.53,322.13,320.15,321.86,57077300,1.57,0.029016,0.024021
2020-01-31,SPY,327.0,327.17,320.73,321.73,113845600,0.0,-0.000404,-0.000404
2020-02-29,SPY,288.7,297.89,285.54,296.26,384975800,0.0,-0.079166,-0.079166
2020-03-31,SPY,260.56,263.33,256.22,257.75,194881100,1.406,-0.125241,-0.129987
2020-04-30,SPY,291.71,293.32,288.59,290.48,122901700,0.0,0.126984,0.126984
2020-05-31,SPY,302.46,304.96,299.47,304.32,119090800,0.0,0.047645,0.047645
2020-06-30,SPY,303.99,310.2,303.82,308.36,113394800,1.366,0.017764,0.013275
2020-07-31,SPY,325.9,326.63,321.33,326.52,84986800,0.0,0.058892,0.058892
2020-08-31,SPY,350.35,351.3,349.06,349.31,66099200,0.0,0.069797,0.069797
2020-09-30,SPY,333.09,338.29,332.88,334.89,104081100,1.339,-0.037448,-0.041281
2020-10-31,SPY,328.28,329.69,322.6,326.54,120287300,0.0,-0.024934,-0.024934
2020-11-30,SPY,362.83,363.12,359.17,362.06,83872700,0.0,0.108777,0.108777
2020-12-31,SPY,371.78,374.66,371.23,373.88,78520700,1.58,0.03701,0.032647
2021-01-31,SPY,375.63,376.67,368.27,370.07,126765100,0.0,-0.01019,-0.01019
2021-02-28,SPY,384.35,385.58,378.23,380.36,152701600,0.0,0.027806,0.027806
2021-03-31,SPY,395.34,398.0,395.31,396.33,112734200,1.278,0.045347,0.041987
2021-04-30,SPY,417.63,418.54,416.34,417.3,85527000,0.0,0.05291,0.05291
2021-05-31,SPY,420.97,421.25,419.79,420.04,58520200,0.0,0.006566,0.006566
2021-06-30,SPY,427.21,428.78,427.18,428.06,64827900,1.376,0.022369,0.019093
2021-07-31,SPY,437.91,440.06,437.77,438.51,68951200,0.0,0.024412,0.024412
2021-08-31,SPY,452.13,452.49,450.92,451.56,59300200,0.0,0.02976,0.02976
2021-09-30,SPY,436.02,436.77,428.78,429.14,140506000,1.428,-0.046488,-0.04965
2021-10-31,SPY,455.87,459.56,455.56,459.25,70162400,0.0,0.070164,0.070164
2021-11-30,SPY,462.0,464.03,455.3,455.56,148559600,0.0,-0.008035,-0.008035
2021-12-31,SPY,475.64,476.86,474.67,474.96,65237400,1.633,0.04617,0.042585
2022-01-31,SPY,441.24,450.28,439.81,449.91,152251400,0.0,-0.052741,-0.052741
2022-02-28,SPY,432.03,438.2,430.7,436.63,145615000,0.0,-0.029517,-0.029517
2022-03-31,SPY,457.89,458.76,451.16,451.64,121699900,1.366,0.037505,0.034377
2022-04-30,SPY,423.59,425.87,411.21,412.0,145491100,0.0,-0.087769,-0.087769
2022-05-31,SPY,413.55,416.46,410.03,412.93,95937000,0.0,0.002257,0.002257
2022-06-30,SPY,376.24,380.66,372.56,377.25,112508300,1.577,-0.082588,-0.086407
2022-07-31,SPY,407.58,413.03,406.77,411.99,87003700,0.0,0.092087,0.092087
2022-08-31,SPY,399.93,401.24,395.04,395.18,76029700,0.0,-0.040802,-0.040802
2022-09-30,SPY,361.8,365.91,357.04,357.18,153711200,1.596,-0.09212,-0.096159
2022-10-31,SPY,386.44,388.4,385.26,386.21,96631300,0.0,0.081276,0.081276
2022-11-30,SPY,395.49,407.68,393.48,407.68,144566700,0.0,0.055592,0.055592
2022-12-31,SPY,380.64,382.58,378.43,382.43,84022200,1.781,-0.057567,-0.061936
2023-01-31,SPY,401.13,406.53,400.77,406.48,86811800,0.0,0.062887,0.062887
2023-02-28,SPY,397.23,399.28,396.15,396.26,96438600,0.0,-0.025143,-0.025143
2023-03-31,SPY,404.66,409.7,404.55,409.39,112062600,1.506,0.036935,0.033135
2023-04-30,SPY,411.49,415.94,411.43,415.93,89433100,0.0,0.015975,0.015975
2023-05-31,SPY,418.28,419.22,416.22,417.85,110811800,0.0,0.004616,0.004616
2023-06-30,SPY,441.44,444.3,441.11,443.28,104964000,1.638,0.064779,0.060859
2023-07-31,SPY,457.41,458.16,456.05,457.79,62040400,0.0,0.032733,0.032733
2023-08-31,SPY,451.65,452.83,450.16,450.35,66084600,0.0,-0.016252,-0.016252
2023-09-30,SPY,431.67,431.85,425.91,427.48,115111300,1.583,-0.047268,-0.050783
2023-10-31,SPY,416.18,418.53,414.21,418.2,79665200,0.0,-0.021709,-0.021709
2023-11-30,SPY,455.48,456.76,453.34,456.4,79752700,0.0,0.091344,0.091344
2023-12-31,SPY,476.49,477.03,473.3,475.31,122283100,1.906,0.045609,0.041433
2024-01-31,SPY,488.62,489.08,482.86,482.88,126011100,0.0,0.015926,0.015926
2024-02-29,SPY,508.07,509.74,505.35,508.08,83924800,0.0,0.052187,0.052187
2024-03-31,SPY,523.21,524.61,522.78,523.07,96294900,1.595,0.032642,0.029503
2024-04-30,SPY,508.56,509.56,501.98,501.98,77483600,0.0,-0.04032,-0.04032
2024-05-31,SPY,523.59,527.5,518.36,527.37,90785800,0.0,0.05058,0.05058
2024-06-30,SPY,547.16,550.28,542.95,544.22,76144500,1.759,0.035286,0.031951
2024-07-31,SPY,548.98,553.5,547.58,550.81,65663400,0.0,0.012109,0.012109
2024-08-31,SPY,560.77,564.2,557.14,563.68,62700100,0.0,0.023366,0.023366
2024-09-30,SPY,570.42,574.38,568.08,573.76,63557400,1.746,0.02098,0.017882
2024-10-31,SPY,575.56,575.63,568.44,568.64,60182500,0.0,-0.008924,-0.008924
2024-11-30,SPY,599.66,603.35,599.38,602.55,30177400,0.0,0.059634,0.059634
2024-12-31,SPY,589.91,590.64,584.42,586.08,57052700,1.966,-0.024071,-0.027334
2025-01-31,SPY,607.5,609.96,601.05,601.82,66566900,0.0,0.026856,0.026856
2025-02-28,SPY,585.56,594.72,582.44,594.18,88744100,0.0,-0.012695,-0.012695
2025-03-31,SPY,549.83,560.71,546.87,559.39,95328200,1.696,-0.055697,-0.058551
2025-04-30,SPY,547.57,556.52,541.52,554.54,93101500,0.0,-0.00867,-0.00867
2025-05-31,SPY,588.93,591.13,583.24,589.39,90601200,0.0,0.062845,0.062845
2025-06-30,SPY,617.38,619.22,615.04,617.85,92502500,1.761,0.051275,0.048287
2025-07-31,SPY,639.46,639.85,630.77,632.08,103385200,0.0,0.023031,0.023031
2025-08-31,SPY,647.47,647.84,643.14,645.05,74522200,0.0,0.02052,0.02052
2025-09-30,SPY,662.93,666.65,661.61,666.18,94151106,1.831,0.035596,0.032757
2025-10-31,SPY,685.04,685.08,679.24,682.06,87164122,0.0,0.023837,0.023837
2025-11-30,SPY,680.86,683.67,680.5,683.39,49212030,0.0,0.00195,0.00195
2025-12-31,SPY,687.14,687.36,681.71,681.92,74144801,1.993,0.000765,-0.002151
2026-01-31,SPY,691.79,694.21,687.12,691.97,101835131,0.0,0.014738,0.014738
2026-02-28,SPY,683.09,686.86,681.64,685.99,83308900,0.0,-0.008642,-0.008642
2026-03-31,SPY,638.94,651.54,637.98,650.34,152534103,1.797,-0.049349,-0.051969
2026-04-30,SPY,706.14,712.39,705.76,710.14,70661926,0.0,0.091952,0.091952
